{
  "ID": "superbwarfare:bocek",
  "Spread": 4,
  "Headshot": 2.5,
  "Damage": 12,
  "Weight": 3,
  "BypassesArmor": 0.25,
  "Magazine": 1,
  "EmptyReloadTime": 6,
  "DamageReduce": {
    "Rate": 0.007,
    "MinDistance": 100
  },
  "AmmoType": "minecraft:arrow",
  "AvailablePerks": [
    "@Ammo",
    "superbwarfare:field_doctor",
    "superbwarfare:intelligent_chip",
    "superbwarfare:monster_hunter",
    "superbwarfare:cupid_arrow",
    "!superbwarfare:micro_missile",
    "!superbwarfare:butterfly_bullet"
  ]
}