{
	"format_version": "1.12.0",
	"minecraft:geometry": [
		{
			"description": {
				"identifier": "geometry.unknown",
				"texture_width": 64,
				"texture_height": 64,
				"visible_bounds_width": 307,
				"visible_bounds_height": 307,
				"visible_bounds_offset": [0, 0.5, 0]
			},
			"bones": [
				{
					"name": "bb_main",
					"pivot": [0, 0, 0]
				},
				{
					"name": "bone",
					"pivot": [0, -0.2, -0.2]
				},
				{
					"name": "0",
					"parent": "bone",
					"pivot": [0, 2, -0.2]
				},
				{
					"name": "body",
					"parent": "0",
					"pivot": [0, 0.3, -0.2],
					"cubes": [
						{
							"origin": [-0.8, 3, -1.7],
							"size": [1.5, 2.3, 4.9],
							"uv": {
								"north": {"uv": [0, 5], "uv_size": [1.5, 2.25]},
								"east": {"uv": [14, 10], "uv_size": [4.875, 2.25]},
								"south": {"uv": [0, 5], "uv_size": [1.5, 2.25]},
								"west": {"uv": [14, 10], "uv_size": [4.875, 2.25]},
								"up": {"uv": [0, 0], "uv_size": [1.5, 4.875]},
								"down": {"uv": [1.5, 4.875], "uv_size": [-1.5, -4.875]}
							}
						},
						{
							"origin": [3.02687, 1.9, -4.09819],
							"size": [0.75, 0.4, 5.25],
							"pivot": [3.3, 0.4, -2.4],
							"rotation": [0, -60.5, 0],
							"uv": {
								"east": {"uv": [23, 24], "uv_size": [5.25, 0.375]},
								"west": {"uv": [25, 5], "uv_size": [5.25, 0.375]},
								"up": {"uv": [8, 19], "uv_size": [0.75, 5.25]},
								"down": {"uv": [9, 24.25], "uv_size": [0.75, -5.25]}
							}
						},
						{
							"origin": [-3.68448, 1.9, -3.93646],
							"size": [0.75, 0.4, 5.25],
							"pivot": [-3.3, -0.4, -2.3],
							"rotation": [0, 60.5, 0],
							"uv": {
								"north": {"uv": [28, 23], "uv_size": [0.75, 0.375]},
								"east": {"uv": [25, 6], "uv_size": [5.25, 0.375]},
								"west": {"uv": [25, 7], "uv_size": [5.25, 0.375]},
								"up": {"uv": [20, 1], "uv_size": [0.75, 5.25]},
								"down": {"uv": [20, 12.25], "uv_size": [0.75, -5.25]}
							}
						},
						{
							"origin": [-3.68448, 1.85, -4.78646],
							"size": [0.75, 0.45, 0.85],
							"pivot": [-3.3, -0.4, -2.3],
							"rotation": [0, 60.5, 0],
							"uv": {
								"north": {"uv": [11, 27], "uv_size": [0.75, 0.5]},
								"east": {"uv": [26, 21], "uv_size": [0.875, 0.5]},
								"south": {"uv": [27, 11], "uv_size": [0.75, 0.5]},
								"west": {"uv": [26, 22], "uv_size": [0.875, 0.5]},
								"up": {"uv": [22, 18], "uv_size": [0.75, 0.875]},
								"down": {"uv": [25, 18.875], "uv_size": [0.75, -0.875]}
							}
						},
						{
							"origin": [3.02687, 1.85, -4.94819],
							"size": [0.75, 0.45, 0.85],
							"pivot": [3.3, 1.3, -2.4],
							"rotation": [0, -60.5, 0],
							"uv": {
								"north": {"uv": [12, 27], "uv_size": [0.75, 0.5]},
								"east": {"uv": [26, 23], "uv_size": [0.875, 0.5]},
								"south": {"uv": [27, 12], "uv_size": [0.75, 0.5]},
								"west": {"uv": [6, 27], "uv_size": [0.875, 0.5]},
								"up": {"uv": [25, 23], "uv_size": [0.75, 0.875]},
								"down": {"uv": [4, 26.875], "uv_size": [0.75, -0.875]}
							}
						},
						{
							"origin": [0.2, 1.9, 2.1],
							"size": [0.75, 0.4, 4.25],
							"pivot": [-0.3, 0.3, 1.1],
							"rotation": [0, -55, 0],
							"uv": {
								"east": {"uv": [8, 25], "uv_size": [4.25, 0.375]},
								"south": {"uv": [10, 29], "uv_size": [0.75, 0.375]},
								"west": {"uv": [25, 8], "uv_size": [4.25, 0.375]},
								"up": {"uv": [20, 13], "uv_size": [0.75, 4.25]},
								"down": {"uv": [18, 24.25], "uv_size": [0.75, -4.25]}
							}
						},
						{
							"origin": [-0.95, 1.9, 2.1],
							"size": [0.75, 0.4, 4.25],
							"pivot": [0.3, 0.3, 1.1],
							"rotation": [0, 55, 0],
							"uv": {
								"east": {"uv": [25, 9], "uv_size": [4.25, 0.375]},
								"south": {"uv": [11, 29], "uv_size": [0.75, 0.375]},
								"west": {"uv": [25, 10], "uv_size": [4.25, 0.375]},
								"up": {"uv": [19, 20], "uv_size": [0.75, 4.25]},
								"down": {"uv": [20, 24.25], "uv_size": [0.75, -4.25]}
							}
						},
						{
							"origin": [-0.95, 1.8, 6.35],
							"size": [0.75, 0.5, 0.85],
							"pivot": [0.3, 0.15, 1.1],
							"rotation": [0, 55, 0],
							"uv": {
								"north": {"uv": [27, 13], "uv_size": [0.75, 0.5]},
								"east": {"uv": [7, 27], "uv_size": [0.875, 0.5]},
								"south": {"uv": [27, 14], "uv_size": [0.75, 0.5]},
								"west": {"uv": [8, 27], "uv_size": [0.875, 0.5]},
								"up": {"uv": [26, 4], "uv_size": [0.75, 0.875]},
								"down": {"uv": [5, 26.875], "uv_size": [0.75, -0.875]}
							}
						},
						{
							"origin": [0.2, 1.85, 6.35],
							"size": [0.75, 0.45, 0.85],
							"pivot": [-0.3, 0.25, 1.1],
							"rotation": [0, -55, 0],
							"uv": {
								"north": {"uv": [27, 15], "uv_size": [0.75, 0.5]},
								"east": {"uv": [9, 27], "uv_size": [0.875, 0.5]},
								"south": {"uv": [16, 27], "uv_size": [0.75, 0.5]},
								"west": {"uv": [10, 27], "uv_size": [0.875, 0.5]},
								"up": {"uv": [6, 26], "uv_size": [0.75, 0.875]},
								"down": {"uv": [7, 26.875], "uv_size": [0.75, -0.875]}
							}
						},
						{
							"origin": [3.22687, 2.3, -4.74819],
							"size": [0.55, 0.45, 0.55],
							"pivot": [3.4, 1.3, -2.5],
							"rotation": [0, -60.5, 0],
							"uv": {
								"north": {"uv": [4, 8], "uv_size": [0.5, 0.5]},
								"east": {"uv": [5, 8], "uv_size": [0.5, 0.5]},
								"south": {"uv": [8, 6], "uv_size": [0.5, 0.5]},
								"west": {"uv": [7, 8], "uv_size": [0.5, 0.5]},
								"up": {"uv": [8, 7], "uv_size": [0.5, 0.5]}
							}
						},
						{
							"origin": [-3.58448, 2.3, -4.58646],
							"size": [0.55, 0.45, 0.55],
							"pivot": [-3.3, -0.4, -2.3],
							"rotation": [0, 60.5, 0],
							"uv": {
								"north": {"uv": [7, 13], "uv_size": [0.5, 0.5]},
								"east": {"uv": [13, 10], "uv_size": [0.5, 0.5]},
								"south": {"uv": [13, 11], "uv_size": [0.5, 0.5]},
								"west": {"uv": [13, 12], "uv_size": [0.5, 0.5]},
								"up": {"uv": [13, 13], "uv_size": [0.5, 0.5]}
							}
						},
						{
							"origin": [0.3, 2.3, 6.45],
							"size": [0.55, 0.45, 0.55],
							"pivot": [-0.3, 0.25, 1.1],
							"rotation": [0, -55, 0],
							"uv": {
								"north": {"uv": [3, 12], "uv_size": [0.5, 0.5]},
								"east": {"uv": [12, 4], "uv_size": [0.5, 0.5]},
								"south": {"uv": [12, 5], "uv_size": [0.5, 0.5]},
								"west": {"uv": [6, 12], "uv_size": [0.5, 0.5]},
								"up": {"uv": [7, 12], "uv_size": [0.5, 0.5]}
							}
						},
						{
							"origin": [-0.85, 2.3, 6.45],
							"size": [0.55, 0.45, 0.55],
							"pivot": [0.3, 0.25, 1.1],
							"rotation": [0, 55, 0],
							"uv": {
								"north": {"uv": [5, 10], "uv_size": [0.5, 0.5]},
								"east": {"uv": [8, 10], "uv_size": [0.5, 0.5]},
								"south": {"uv": [10, 8], "uv_size": [0.5, 0.5]},
								"west": {"uv": [9, 10], "uv_size": [0.5, 0.5]},
								"up": {"uv": [10, 9], "uv_size": [0.5, 0.5]}
							}
						},
						{
							"origin": [-0.1, 2.3, 2.6],
							"size": [0.2, 6, 0.2],
							"pivot": [-1, 1.3, 3.6],
							"rotation": [-31.5, 0, 0],
							"uv": {
								"north": {"uv": [3, 23], "uv_size": [0.25, 6]},
								"east": {"uv": [3, 23], "uv_size": [0.25, 6]},
								"south": {"uv": [3, 23], "uv_size": [0.25, 6]},
								"west": {"uv": [3, 23], "uv_size": [0.25, 6]},
								"up": {"uv": [32, 0], "uv_size": [0.25, 0.25]},
								"down": {"uv": [32.25, 0.25], "uv_size": [-0.25, -0.25]}
							}
						},
						{
							"origin": [-0.9, 1.5, -2.8],
							"size": [1.8, 0.7, 7.4],
							"uv": {
								"north": {"uv": [7, 14], "uv_size": [1.75, 0.75]},
								"east": {"uv": [15, 0], "uv_size": [7.375, 0.75]},
								"south": {"uv": [7, 14], "uv_size": [1.75, 0.75]},
								"west": {"uv": [15, 0], "uv_size": [7.375, 0.75]},
								"up": {"uv": [2, 0], "uv_size": [1.75, 7.375]},
								"down": {"uv": [3.75, 7.375], "uv_size": [-1.75, -7.375]}
							}
						},
						{
							"origin": [-0.4, 1.8, -3.2],
							"size": [0.8, 0.8, 0.7],
							"pivot": [0, 2.2, -3.1],
							"rotation": [0, 0, -45],
							"uv": {
								"north": {"uv": [8, 26], "uv_size": [0.75, 0.75]},
								"east": {"uv": [9, 26], "uv_size": [0.75, 0.75]},
								"south": {"uv": [8, 26], "uv_size": [0.75, 0.75]},
								"west": {"uv": [9, 26], "uv_size": [0.75, 0.75]},
								"up": {"uv": [10, 26], "uv_size": [0.75, 0.75]},
								"down": {"uv": [10, 26.75], "uv_size": [0.75, -0.75]}
							}
						},
						{
							"origin": [-0.9, 2.2, -2.8],
							"size": [1.8, 0.8, 7.4],
							"uv": {
								"north": {"uv": [14, 6], "uv_size": [1.75, 0.75]},
								"east": {"uv": [0, 16], "uv_size": [7.375, 0.75]},
								"south": {"uv": [14, 6], "uv_size": [1.75, 0.75]},
								"west": {"uv": [0, 16], "uv_size": [7.375, 0.75]},
								"up": {"uv": [10, 14], "uv_size": [1.75, 7.375]},
								"down": {"uv": [10, 21.375], "uv_size": [1.75, -7.375]}
							}
						},
						{
							"origin": [0.2, 1.7, -1.6],
							"size": [1, 0.9, 1],
							"pivot": [0.55, 2.2, -1.1],
							"rotation": [0, -45, 0],
							"uv": {
								"north": {"uv": [4, 3], "uv_size": [2, 2]},
								"east": {"uv": [4, 3], "uv_size": [2, 2]},
								"south": {"uv": [4, 3], "uv_size": [2, 2]},
								"west": {"uv": [4, 3], "uv_size": [2, 2]},
								"up": {"uv": [4, 3], "uv_size": [2, 2]},
								"down": {"uv": [4, 5], "uv_size": [2, -2]}
							}
						},
						{
							"origin": [-1.1, 1.7, -1.6],
							"size": [1, 0.9, 1],
							"pivot": [-0.75, 2.2, -1.1],
							"rotation": [0, -45, 0],
							"uv": {
								"north": {"uv": [4, 3], "uv_size": [2, 2]},
								"east": {"uv": [4, 3], "uv_size": [2, 2]},
								"south": {"uv": [4, 3], "uv_size": [2, 2]},
								"west": {"uv": [4, 3], "uv_size": [2, 2]},
								"up": {"uv": [4, 3], "uv_size": [2, 2]},
								"down": {"uv": [4, 5], "uv_size": [2, -2]}
							}
						},
						{
							"origin": [-1.1, 1.7, 1.9],
							"size": [1, 0.9, 1],
							"pivot": [-0.75, 2.2, 2.4],
							"rotation": [0, -45, 0],
							"uv": {
								"north": {"uv": [4, 3], "uv_size": [2, 2]},
								"east": {"uv": [4, 3], "uv_size": [2, 2]},
								"south": {"uv": [4, 3], "uv_size": [2, 2]},
								"west": {"uv": [4, 3], "uv_size": [2, 2]},
								"up": {"uv": [4, 3], "uv_size": [2, 2]},
								"down": {"uv": [4, 5], "uv_size": [2, -2]}
							}
						},
						{
							"origin": [0.2, 1.7, 1.9],
							"size": [1, 0.9, 1],
							"pivot": [0.55, 2.2, 2.4],
							"rotation": [0, -45, 0],
							"uv": {
								"north": {"uv": [4, 3], "uv_size": [2, 2]},
								"east": {"uv": [4, 3], "uv_size": [2, 2]},
								"south": {"uv": [4, 3], "uv_size": [2, 2]},
								"west": {"uv": [4, 3], "uv_size": [2, 2]},
								"up": {"uv": [4, 3], "uv_size": [2, 2]},
								"down": {"uv": [4, 5], "uv_size": [2, -2]}
							}
						}
					]
				},
				{
					"name": "skotch",
					"parent": "body",
					"pivot": [0, -0.2, -0.2],
					"cubes": [
						{
							"origin": [-0.9, 2.8, 0],
							"size": [1.7, 2.6, 1.5],
							"uv": {
								"north": {"uv": [4, 0], "uv_size": [1.75, 2.625]},
								"east": {"uv": [6, 0], "uv_size": [1.5, 2.625]},
								"south": {"uv": [4, 0], "uv_size": [1.75, 2.625]},
								"west": {"uv": [6, 0], "uv_size": [1.5, 2.625]},
								"up": {"uv": [13, 14], "uv_size": [1.75, 1.5]},
								"down": {"uv": [14.75, 15.5], "uv_size": [-1.75, -1.5]}
							}
						}
					]
				},
				{
					"name": "wingFL",
					"parent": "0",
					"pivot": [5.08825, 3.05108, -3.35318],
					"cubes": [
						{
							"origin": [4.42264, 2.7, -4.16906],
							"size": [0.2, 0.7, 0.2],
							"pivot": [3.3, 1.3, -2.4],
							"rotation": [0, -25.5, 0],
							"uv": {
								"north": {"uv": [8, 8], "uv_size": [0.25, 0.75]},
								"east": {"uv": [0, 9], "uv_size": [0.25, 0.75]},
								"south": {"uv": [1, 9], "uv_size": [0.25, 0.75]},
								"west": {"uv": [2, 9], "uv_size": [0.25, 0.75]},
								"up": {"uv": [5, 9], "uv_size": [0.25, 0.25]}
							}
						},
						{
							"origin": [4.17264, 2.8, -4.41906],
							"size": [0.7, 0.45, 0.7],
							"pivot": [3.3, 1.3, -2.4],
							"rotation": [0, -25.5, 0],
							"uv": {
								"north": {"uv": [7, 5], "uv_size": [0.75, 0.5]},
								"east": {"uv": [7, 6], "uv_size": [0.75, 0.5]},
								"south": {"uv": [7, 7], "uv_size": [0.75, 0.5]},
								"west": {"uv": [0, 8], "uv_size": [0.75, 0.5]},
								"up": {"uv": [7, 3], "uv_size": [0.75, 0.75]},
								"down": {"uv": [7, 4.75], "uv_size": [0.75, -0.75]}
							}
						},
						{
							"origin": [3.51944, 3.33658, -6.91906],
							"size": [0.5, 0.15, 2.6],
							"pivot": [3.3, 1.3, -2.4],
							"rotation": [-11.70122, -22.76212, 26.15697],
							"uv": {
								"north": {"uv": [3, 9], "uv_size": [0.5, 0.125]},
								"east": {"uv": [1, 8], "uv_size": [2.625, 0.125]},
								"west": {"uv": [8, 3], "uv_size": [2.625, 0.125]},
								"up": {"uv": [4, 5], "uv_size": [0.5, 2.625]},
								"down": {"uv": [5, 7.625], "uv_size": [0.5, -2.625]}
							}
						},
						{
							"origin": [4.9397, 2.30081, -3.81906],
							"size": [0.5, 0.15, 2.6],
							"pivot": [3.4, 1.2, -2.4],
							"rotation": [9.70122, -22.76212, -26.15697],
							"uv": {
								"east": {"uv": [8, 4], "uv_size": [2.625, 0.125]},
								"south": {"uv": [4, 9], "uv_size": [0.5, 0.125]},
								"west": {"uv": [8, 5], "uv_size": [2.625, 0.125]},
								"up": {"uv": [6.5, 5.625], "uv_size": [-0.5, -2.625]},
								"down": {"uv": [6.5, 8.625], "uv_size": [-0.5, -2.625]}
							}
						},
						{
							"origin": [5.05975, 2.36824, -0.92736],
							"size": [0.5, 0.15, 2.6],
							"pivot": [3.2, 1.4, -2.4],
							"rotation": [-32.99292, 58.18666, -37.62925],
							"uv": {
								"east": {"uv": [8, 4], "uv_size": [2.625, 0.125]},
								"south": {"uv": [4, 9], "uv_size": [0.5, 0.125]},
								"west": {"uv": [8, 5], "uv_size": [2.625, 0.125]},
								"up": {"uv": [6, 3], "uv_size": [0.5, 2.625]},
								"down": {"uv": [6, 8.625], "uv_size": [0.5, -2.625]}
							}
						},
						{
							"origin": [3.9395, 3.36915, -4.22736],
							"size": [0.5, 0.15, 2.6],
							"pivot": [3.4, 1.2, -2.4],
							"rotation": [33.99292, 58.18666, 37.62925],
							"uv": {
								"north": {"uv": [3, 9], "uv_size": [0.5, 0.125]},
								"east": {"uv": [1, 8], "uv_size": [2.625, 0.125]},
								"west": {"uv": [8, 3], "uv_size": [2.625, 0.125]},
								"up": {"uv": [4.5, 7.625], "uv_size": [-0.5, -2.625]},
								"down": {"uv": [5.5, 7.625], "uv_size": [-0.5, -2.625]}
							}
						}
					]
				},
				{
					"name": "wingFR",
					"parent": "0",
					"pivot": [-5.06495, 3.05387, -3.30912],
					"cubes": [
						{
							"origin": [-3.40916, 2.7, -4.42485],
							"size": [0.2, 0.7, 0.2],
							"pivot": [-3.3, -0.4, -2.3],
							"rotation": [0, 60.5, 0],
							"uv": {
								"north": {"uv": [14, 2], "uv_size": [0.25, 0.75]},
								"east": {"uv": [3, 14], "uv_size": [0.25, 0.75]},
								"south": {"uv": [4, 14], "uv_size": [0.25, 0.75]},
								"west": {"uv": [14, 4], "uv_size": [0.25, 0.75]},
								"up": {"uv": [14, 5], "uv_size": [0.25, 0.25]}
							}
						},
						{
							"origin": [-3.65916, 2.8, -4.67485],
							"size": [0.7, 0.45, 0.7],
							"pivot": [-3.3, -0.4, -2.3],
							"rotation": [0, 60.5, 0],
							"uv": {
								"north": {"uv": [13, 4], "uv_size": [0.75, 0.5]},
								"east": {"uv": [13, 5], "uv_size": [0.75, 0.5]},
								"south": {"uv": [6, 13], "uv_size": [0.75, 0.5]},
								"west": {"uv": [13, 6], "uv_size": [0.75, 0.5]},
								"up": {"uv": [13, 2], "uv_size": [0.75, 0.75]},
								"down": {"uv": [3, 13.75], "uv_size": [0.75, -0.75]}
							}
						},
						{
							"origin": [-2.24777, 2.74279, -7.07485],
							"size": [0.5, 0.15, 2.5],
							"pivot": [-3.3, -0.4, -2.3],
							"rotation": [-33.01047, 53.75375, -39.21866],
							"uv": {
								"north": {"uv": [5, 14], "uv_size": [0.5, 0.125]},
								"east": {"uv": [13, 7], "uv_size": [2.5, 0.125]},
								"west": {"uv": [13, 8], "uv_size": [2.5, 0.125]},
								"up": {"uv": [12.5, 14.5], "uv_size": [-0.5, -2.5]},
								"down": {"uv": [0.5, 15.5], "uv_size": [-0.5, -2.5]}
							}
						},
						{
							"origin": [-4.86916, 2.73578, -4.07485],
							"size": [0.5, 0.15, 2.5],
							"pivot": [-3.3, -0.4, -2.3],
							"rotation": [33.01047, 53.75375, 39.21866],
							"uv": {
								"east": {"uv": [9, 13], "uv_size": [2.5, 0.125]},
								"south": {"uv": [6, 14], "uv_size": [0.5, 0.125]},
								"west": {"uv": [13, 9], "uv_size": [2.5, 0.125]},
								"up": {"uv": [1.5, 15.5], "uv_size": [-0.5, -2.5]},
								"down": {"uv": [2.5, 15.5], "uv_size": [-0.5, -2.5]}
							}
						},
						{
							"origin": [-4.10787, 3.51327, -4.95252],
							"size": [0.5, 0.15, 2.5],
							"pivot": [-3.3, -0.4, -2.3],
							"rotation": [13.95627, -29.21067, -26.28444],
							"uv": {
								"north": {"uv": [5, 14], "uv_size": [0.5, 0.125]},
								"east": {"uv": [13, 7], "uv_size": [2.5, 0.125]},
								"west": {"uv": [13, 8], "uv_size": [2.5, 0.125]},
								"up": {"uv": [12, 12], "uv_size": [0.5, 2.5]},
								"down": {"uv": [0, 15.5], "uv_size": [0.5, -2.5]}
							}
						},
						{
							"origin": [-6.72925, 1.9653, -2.05252],
							"size": [0.5, 0.15, 2.5],
							"pivot": [-3.3, -0.4, -2.4],
							"rotation": [-13.95627, -29.21067, 26.28444],
							"uv": {
								"east": {"uv": [9, 13], "uv_size": [2.5, 0.125]},
								"south": {"uv": [6, 14], "uv_size": [0.5, 0.125]},
								"west": {"uv": [13, 9], "uv_size": [2.5, 0.125]},
								"up": {"uv": [1, 13], "uv_size": [0.5, 2.5]},
								"down": {"uv": [2, 15.5], "uv_size": [0.5, -2.5]}
							}
						}
					]
				},
				{
					"name": "wingBR",
					"parent": "0",
					"pivot": [-4.40859, 3.05996, 5.03984],
					"cubes": [
						{
							"origin": [-4.50859, 2.7, 4.93984],
							"size": [0.2, 0.7, 0.2],
							"pivot": [-4.40859, 2.55, 5.03984],
							"rotation": [0, -32.5, 0],
							"uv": {
								"north": {"uv": [12, 8], "uv_size": [0.25, 0.75]},
								"east": {"uv": [9, 12], "uv_size": [0.25, 0.75]},
								"south": {"uv": [12, 9], "uv_size": [0.25, 0.75]},
								"west": {"uv": [10, 12], "uv_size": [0.25, 0.75]},
								"up": {"uv": [11, 12], "uv_size": [0.25, 0.25]}
							}
						},
						{
							"origin": [-4.75859, 2.8, 4.68984],
							"size": [0.7, 0.45, 0.7],
							"pivot": [-4.40859, 2.55, 5.03984],
							"rotation": [0, -32.5, 0],
							"uv": {
								"north": {"uv": [11, 9], "uv_size": [0.75, 0.5]},
								"east": {"uv": [10, 11], "uv_size": [0.75, 0.5]},
								"south": {"uv": [11, 10], "uv_size": [0.75, 0.5]},
								"west": {"uv": [11, 11], "uv_size": [0.75, 0.5]},
								"up": {"uv": [11, 8], "uv_size": [0.75, 0.75]},
								"down": {"uv": [9, 11.75], "uv_size": [0.75, -0.75]}
							}
						},
						{
							"origin": [-4.65859, 3, 2.18984],
							"size": [0.5, 0.15, 2.5],
							"pivot": [-4.40859, 3.025, 5.03984],
							"rotation": [13.70122, -29.76212, -26.15697],
							"uv": {
								"north": {"uv": [12, 11], "uv_size": [0.5, 0.125]},
								"east": {"uv": [12, 1], "uv_size": [2.5, 0.125]},
								"west": {"uv": [12, 3], "uv_size": [2.5, 0.125]},
								"up": {"uv": [5, 11], "uv_size": [0.5, 2.5]},
								"down": {"uv": [8, 13.5], "uv_size": [0.5, -2.5]}
							}
						},
						{
							"origin": [-4.65859, 3, 5.38984],
							"size": [0.5, 0.15, 2.5],
							"pivot": [-4.40859, 3.025, 5.03984],
							"rotation": [-13.70122, -29.76212, 26.15697],
							"uv": {
								"east": {"uv": [0, 12], "uv_size": [2.5, 0.125]},
								"south": {"uv": [12, 10], "uv_size": [0.5, 0.125]},
								"west": {"uv": [12, 0], "uv_size": [2.5, 0.125]},
								"up": {"uv": [11.5, 5.5], "uv_size": [-0.5, -2.5]},
								"down": {"uv": [4.5, 13.5], "uv_size": [-0.5, -2.5]}
							}
						},
						{
							"origin": [-4.65859, 3, 2.18984],
							"size": [0.5, 0.15, 2.5],
							"pivot": [-4.40859, 3.025, 5.03984],
							"rotation": [-30.99292, 51.18666, -37.62925],
							"uv": {
								"north": {"uv": [12, 11], "uv_size": [0.5, 0.125]},
								"east": {"uv": [12, 1], "uv_size": [2.5, 0.125]},
								"west": {"uv": [12, 3], "uv_size": [2.5, 0.125]},
								"up": {"uv": [5.5, 13.5], "uv_size": [-0.5, -2.5]},
								"down": {"uv": [8.5, 13.5], "uv_size": [-0.5, -2.5]}
							}
						},
						{
							"origin": [-4.65859, 3, 5.38984],
							"size": [0.5, 0.15, 2.5],
							"pivot": [-4.40859, 3.025, 5.03984],
							"rotation": [30.99292, 51.18666, 37.62925],
							"uv": {
								"east": {"uv": [0, 12], "uv_size": [2.5, 0.125]},
								"south": {"uv": [12, 10], "uv_size": [0.5, 0.125]},
								"west": {"uv": [12, 0], "uv_size": [2.5, 0.125]},
								"up": {"uv": [11, 3], "uv_size": [0.5, 2.5]},
								"down": {"uv": [4, 13.5], "uv_size": [0.5, -2.5]}
							}
						}
					]
				},
				{
					"name": "wingBR2",
					"parent": "0",
					"pivot": [-5.10859, 2.8, 4.13984],
					"rotation": [0, 88.5, 0]
				},
				{
					"name": "wingBL",
					"parent": "0",
					"pivot": [4.40859, 3.05996, 5.03984],
					"cubes": [
						{
							"origin": [4.30859, 2.7, 4.93984],
							"size": [0.2, 0.7, 0.2],
							"pivot": [4.40859, 2.55, 5.03984],
							"rotation": [0, -37.5, 0],
							"uv": {
								"north": {"uv": [10, 10], "uv_size": [0.25, 0.75]},
								"east": {"uv": [0, 11], "uv_size": [0.25, 0.75]},
								"south": {"uv": [11, 0], "uv_size": [0.25, 0.75]},
								"west": {"uv": [1, 11], "uv_size": [0.25, 0.75]},
								"up": {"uv": [3, 11], "uv_size": [0.25, 0.25]}
							}
						},
						{
							"origin": [4.05859, 2.8, 4.68984],
							"size": [0.7, 0.45, 0.7],
							"pivot": [4.40859, 2.55, 5.03984],
							"rotation": [0, -37.5, 0],
							"uv": {
								"north": {"uv": [0, 10], "uv_size": [0.75, 0.5]},
								"east": {"uv": [10, 0], "uv_size": [0.75, 0.5]},
								"south": {"uv": [1, 10], "uv_size": [0.75, 0.5]},
								"west": {"uv": [10, 1], "uv_size": [0.75, 0.5]},
								"up": {"uv": [8, 9], "uv_size": [0.75, 0.75]},
								"down": {"uv": [9, 9.75], "uv_size": [0.75, -0.75]}
							}
						},
						{
							"origin": [4.15859, 3, 2.18984],
							"size": [0.5, 0.15, 2.5],
							"pivot": [4.40859, 3.025, 5.03984],
							"rotation": [-16.36452, -34.22348, 27.56928],
							"uv": {
								"north": {"uv": [11, 1], "uv_size": [0.5, 0.125]},
								"east": {"uv": [2, 10], "uv_size": [2.5, 0.125]},
								"west": {"uv": [10, 2], "uv_size": [2.5, 0.125]},
								"up": {"uv": [9, 0], "uv_size": [0.5, 2.5]},
								"down": {"uv": [6, 11.5], "uv_size": [0.5, -2.5]}
							}
						},
						{
							"origin": [4.15859, 3, 5.38984],
							"size": [0.5, 0.15, 2.5],
							"pivot": [4.40859, 3.025, 5.03984],
							"rotation": [16.36452, -34.22348, -27.56928],
							"uv": {
								"east": {"uv": [10, 6], "uv_size": [2.5, 0.125]},
								"south": {"uv": [2, 11], "uv_size": [0.5, 0.125]},
								"west": {"uv": [10, 7], "uv_size": [2.5, 0.125]},
								"up": {"uv": [9, 6], "uv_size": [0.5, 2.5]},
								"down": {"uv": [7, 11.5], "uv_size": [0.5, -2.5]}
							}
						},
						{
							"origin": [4.15859, 3, 5.38984],
							"size": [0.5, 0.15, 2.5],
							"pivot": [4.40859, 3.025, 5.03984],
							"rotation": [-26.50648, 47.13536, -34.23216],
							"uv": {
								"east": {"uv": [10, 6], "uv_size": [2.5, 0.125]},
								"south": {"uv": [2, 11], "uv_size": [0.5, 0.125]},
								"west": {"uv": [10, 7], "uv_size": [2.5, 0.125]},
								"up": {"uv": [9.5, 8.5], "uv_size": [-0.5, -2.5]},
								"down": {"uv": [7.5, 11.5], "uv_size": [-0.5, -2.5]}
							}
						},
						{
							"origin": [4.15859, 3, 2.18984],
							"size": [0.5, 0.15, 2.5],
							"pivot": [4.40859, 3.025, 5.03984],
							"rotation": [26.50648, 47.13536, 34.23216],
							"uv": {
								"north": {"uv": [11, 1], "uv_size": [0.5, 0.125]},
								"east": {"uv": [2, 10], "uv_size": [2.5, 0.125]},
								"west": {"uv": [10, 2], "uv_size": [2.5, 0.125]},
								"up": {"uv": [9.5, 2.5], "uv_size": [-0.5, -2.5]},
								"down": {"uv": [6.5, 11.5], "uv_size": [-0.5, -2.5]}
							}
						}
					]
				}
			]
		}
	]
}