{
	"format_version": "1.12.0",
	"minecraft:geometry": [
		{
			"description": {
				"identifier": "geometry.unknown",
				"texture_width": 32,
				"texture_height": 32,
				"visible_bounds_width": 103,
				"visible_bounds_height": 102,
				"visible_bounds_offset": [0, 1, 0]
			},
			"bones": [
				{
					"name": "bone",
					"pivot": [0, 3, 0]
				},
				{
					"name": "izolenta3",
					"pivot": [-0.2, 2.85313, 0.3],
					"rotation": [0, 90, 90]
				},
				{
					"name": "izolenta",
					"parent": "izolenta3",
					"pivot": [-0.2, 2.85313, 0.3],
					"cubes": [
						{
							"origin": [1.2, 3.55313, -0.3],
							"size": [0.1, 1.3, 0.4],
							"pivot": [1.3, 3.75313, -0.6],
							"rotation": [0, 0, -24],
							"uv": {
								"north": {"uv": [13, 15], "uv_size": [0.25, 1.25]},
								"east": {"uv": [8, 13], "uv_size": [0.5, 1.25]},
								"south": {"uv": [15, 13], "uv_size": [0.25, 1.25]},
								"west": {"uv": [9, 13], "uv_size": [0.5, 1.25]},
								"up": {"uv": [17, 6], "uv_size": [0.25, 0.5]},
								"down": {"uv": [17, 7.5], "uv_size": [0.25, -0.5]}
							}
						},
						{
							"origin": [-1.3, 3.55313, -0.3],
							"size": [0.1, 1.3, 0.4],
							"pivot": [-1.2, 3.75313, -0.6],
							"rotation": [0, 0, 24],
							"uv": {
								"north": {"uv": [14, 15], "uv_size": [0.25, 1.25]},
								"east": {"uv": [10, 13], "uv_size": [0.5, 1.25]},
								"south": {"uv": [15, 15], "uv_size": [0.25, 1.25]},
								"west": {"uv": [11, 13], "uv_size": [0.5, 1.25]},
								"up": {"uv": [8, 17], "uv_size": [0.25, 0.5]},
								"down": {"uv": [17, 8.5], "uv_size": [0.25, -0.5]}
							}
						},
						{
							"origin": [-0.57233, 1.40459, -0.3],
							"size": [0.1, 1.2, 0.4],
							"pivot": [-0.7, 1.45313, -0.6],
							"rotation": [0, 0, -44.5],
							"uv": {
								"north": {"uv": [0, 16], "uv_size": [0.25, 1.25]},
								"east": {"uv": [13, 11], "uv_size": [0.5, 1.25]},
								"south": {"uv": [16, 0], "uv_size": [0.25, 1.25]},
								"west": {"uv": [12, 13], "uv_size": [0.5, 1.25]},
								"up": {"uv": [9, 17], "uv_size": [0.25, 0.5]},
								"down": {"uv": [17, 9.5], "uv_size": [0.25, -0.5]}
							}
						},
						{
							"origin": [0.62767, 1.70459, -0.3],
							"size": [0.1, 1.1, 0.4],
							"pivot": [0.5, 1.75313, -0.6],
							"rotation": [0, 0, 45],
							"uv": {
								"north": {"uv": [17, 2], "uv_size": [0.25, 1]},
								"east": {"uv": [11, 15], "uv_size": [0.5, 1]},
								"south": {"uv": [17, 3], "uv_size": [0.25, 1]},
								"west": {"uv": [15, 11], "uv_size": [0.5, 1]},
								"up": {"uv": [10, 17], "uv_size": [0.25, 0.5]},
								"down": {"uv": [17, 10.5], "uv_size": [0.25, -0.5]}
							}
						},
						{
							"origin": [-0.37233, 1.70459, -0.3],
							"size": [0.1, 1.2, 0.4],
							"pivot": [-0.5, 1.75313, -0.6],
							"rotation": [0, 0, 90],
							"uv": {
								"north": {"uv": [1, 16], "uv_size": [0.25, 1.25]},
								"east": {"uv": [13, 13], "uv_size": [0.5, 1.25]},
								"south": {"uv": [2, 16], "uv_size": [0.25, 1.25]},
								"west": {"uv": [0, 14], "uv_size": [0.5, 1.25]},
								"up": {"uv": [17, 11], "uv_size": [0.25, 0.5]},
								"down": {"uv": [17, 12.5], "uv_size": [0.25, -0.5]}
							}
						},
						{
							"origin": [-0.37233, 1.70459, -2.7],
							"size": [0.1, 1.2, 0.4],
							"pivot": [-0.5, 1.75313, -2.9],
							"rotation": [0, 0, 90],
							"uv": {
								"north": {"uv": [16, 2], "uv_size": [0.25, 1.25]},
								"east": {"uv": [1, 14], "uv_size": [0.5, 1.25]},
								"south": {"uv": [3, 16], "uv_size": [0.25, 1.25]},
								"west": {"uv": [2, 14], "uv_size": [0.5, 1.25]},
								"up": {"uv": [13, 17], "uv_size": [0.25, 0.5]},
								"down": {"uv": [17, 13.5], "uv_size": [0.25, -0.5]}
							}
						},
						{
							"origin": [-1.4, 2.3, -0.3],
							"size": [0.1, 1.3, 0.4],
							"uv": {
								"north": {"uv": [4, 16], "uv_size": [0.25, 1.25]},
								"east": {"uv": [3, 14], "uv_size": [0.5, 1.25]},
								"south": {"uv": [16, 4], "uv_size": [0.25, 1.25]},
								"west": {"uv": [4, 14], "uv_size": [0.5, 1.25]},
								"up": {"uv": [14, 17], "uv_size": [0.25, 0.5]},
								"down": {"uv": [17, 14.5], "uv_size": [0.25, -0.5]}
							}
						},
						{
							"origin": [1.3, 2.3, -0.3],
							"size": [0.1, 1.3, 0.4],
							"uv": {
								"north": {"uv": [5, 16], "uv_size": [0.25, 1.25]},
								"east": {"uv": [5, 14], "uv_size": [0.5, 1.25]},
								"south": {"uv": [6, 16], "uv_size": [0.25, 1.25]},
								"west": {"uv": [6, 14], "uv_size": [0.5, 1.25]},
								"up": {"uv": [15, 17], "uv_size": [0.25, 0.5]},
								"down": {"uv": [17, 15.5], "uv_size": [0.25, -0.5]}
							}
						}
					]
				},
				{
					"name": "izolenta2",
					"parent": "izolenta3",
					"pivot": [-0.2, 2.85313, -1],
					"cubes": [
						{
							"origin": [1.2, 3.55313, -2.7],
							"size": [0.1, 1.3, 0.4],
							"pivot": [1.3, 3.75313, -1.7],
							"rotation": [0, 0, -24],
							"uv": {
								"north": {"uv": [16, 6], "uv_size": [0.25, 1.25]},
								"east": {"uv": [7, 14], "uv_size": [0.5, 1.25]},
								"south": {"uv": [7, 16], "uv_size": [0.25, 1.25]},
								"west": {"uv": [14, 7], "uv_size": [0.5, 1.25]},
								"up": {"uv": [17, 16], "uv_size": [0.25, 0.5]},
								"down": {"uv": [17, 17.5], "uv_size": [0.25, -0.5]}
							}
						},
						{
							"origin": [-1.3, 3.55313, -2.7],
							"size": [0.1, 1.3, 0.4],
							"pivot": [-1.2, 3.75313, -1.7],
							"rotation": [0, 0, 24],
							"uv": {
								"north": {"uv": [16, 8], "uv_size": [0.25, 1.25]},
								"east": {"uv": [14, 9], "uv_size": [0.5, 1.25]},
								"south": {"uv": [16, 10], "uv_size": [0.25, 1.25]},
								"west": {"uv": [14, 11], "uv_size": [0.5, 1.25]},
								"up": {"uv": [0, 18], "uv_size": [0.25, 0.5]},
								"down": {"uv": [18, 0.5], "uv_size": [0.25, -0.5]}
							}
						},
						{
							"origin": [-0.57233, 1.40459, -2.7],
							"size": [0.1, 1.2, 0.4],
							"pivot": [-0.7, 1.45313, -1.7],
							"rotation": [0, 0, -44.5],
							"uv": {
								"north": {"uv": [11, 16], "uv_size": [0.25, 1.25]},
								"east": {"uv": [14, 13], "uv_size": [0.5, 1.25]},
								"south": {"uv": [12, 16], "uv_size": [0.25, 1.25]},
								"west": {"uv": [15, 7], "uv_size": [0.5, 1.25]},
								"up": {"uv": [1, 18], "uv_size": [0.25, 0.5]},
								"down": {"uv": [18, 1.5], "uv_size": [0.25, -0.5]}
							}
						},
						{
							"origin": [0.62767, 1.70459, -2.7],
							"size": [0.1, 1.1, 0.4],
							"pivot": [0.5, 1.75313, -1.7],
							"rotation": [0, 0, 45],
							"uv": {
								"north": {"uv": [17, 4], "uv_size": [0.25, 1]},
								"east": {"uv": [12, 15], "uv_size": [0.5, 1]},
								"south": {"uv": [17, 5], "uv_size": [0.25, 1]},
								"west": {"uv": [15, 12], "uv_size": [0.5, 1]},
								"up": {"uv": [2, 18], "uv_size": [0.25, 0.5]},
								"down": {"uv": [18, 2.5], "uv_size": [0.25, -0.5]}
							}
						},
						{
							"origin": [-1.4, 2.3, -2.7],
							"size": [0.1, 1.3, 0.4],
							"uv": {
								"north": {"uv": [16, 12], "uv_size": [0.25, 1.25]},
								"east": {"uv": [8, 15], "uv_size": [0.5, 1.25]},
								"south": {"uv": [16, 14], "uv_size": [0.25, 1.25]},
								"west": {"uv": [9, 15], "uv_size": [0.5, 1.25]},
								"up": {"uv": [3, 18], "uv_size": [0.25, 0.5]},
								"down": {"uv": [18, 3.5], "uv_size": [0.25, -0.5]}
							}
						},
						{
							"origin": [1.3, 2.3, -2.7],
							"size": [0.1, 1.3, 0.4],
							"uv": {
								"north": {"uv": [16, 16], "uv_size": [0.25, 1.25]},
								"east": {"uv": [15, 9], "uv_size": [0.5, 1.25]},
								"south": {"uv": [17, 0], "uv_size": [0.25, 1.25]},
								"west": {"uv": [10, 15], "uv_size": [0.5, 1.25]},
								"up": {"uv": [4, 18], "uv_size": [0.25, 0.5]},
								"down": {"uv": [18, 4.5], "uv_size": [0.25, -0.5]}
							}
						}
					]
				},
				{
					"name": "whel",
					"parent": "izolenta3",
					"pivot": [0.01802, 4.80935, 0.03506],
					"rotation": [0, -90, 0],
					"cubes": [
						{
							"origin": [-3.18452, 2.41718, 0.6955],
							"size": [3.72566, 1.09866, 0.68021],
							"inflate": 0.01,
							"uv": {
								"north": {"uv": [4, 2], "uv_size": [3.75, 1]},
								"east": {"uv": [6, 9], "uv_size": [0.75, 1]},
								"south": {"uv": [4, 3], "uv_size": [3.75, 1]},
								"west": {"uv": [7, 9], "uv_size": [0.75, 1]},
								"up": {"uv": [2, 9], "uv_size": [3.75, 0.75]},
								"down": {"uv": [2, 10.75], "uv_size": [3.75, -0.75]}
							}
						},
						{
							"origin": [-3.18452, 3.62467, -0.51199],
							"size": [3.72566, 0.68021, 1.09866],
							"inflate": 0.01,
							"uv": {
								"north": {"uv": [6, 10], "uv_size": [3.75, 0.75]},
								"east": {"uv": [12, 7], "uv_size": [1, 0.75]},
								"south": {"uv": [10, 8], "uv_size": [3.75, 0.75]},
								"west": {"uv": [8, 12], "uv_size": [1, 0.75]},
								"up": {"uv": [4, 4], "uv_size": [3.75, 1]},
								"down": {"uv": [4, 6], "uv_size": [3.75, -1]}
							}
						},
						{
							"origin": [-3.18452, 2.41718, -1.30103],
							"size": [3.72566, 1.09866, 0.68021],
							"inflate": 0.01,
							"uv": {
								"north": {"uv": [0, 6], "uv_size": [3.75, 1]},
								"east": {"uv": [9, 12], "uv_size": [0.75, 1]},
								"south": {"uv": [4, 6], "uv_size": [3.75, 1]},
								"west": {"uv": [10, 12], "uv_size": [0.75, 1]},
								"up": {"uv": [10, 9], "uv_size": [3.75, 0.75]},
								"down": {"uv": [10, 10.75], "uv_size": [3.75, -0.75]}
							}
						},
						{
							"origin": [-3.18452, 1.62814, -0.51199],
							"size": [3.72566, 0.68021, 1.09866],
							"inflate": 0.01,
							"uv": {
								"north": {"uv": [12, 5], "uv_size": [3.75, 0.75]},
								"east": {"uv": [7, 13], "uv_size": [1, 0.75]},
								"south": {"uv": [12, 6], "uv_size": [3.75, 0.75]},
								"west": {"uv": [13, 7], "uv_size": [1, 0.75]},
								"up": {"uv": [8, 6], "uv_size": [3.75, 1]},
								"down": {"uv": [8, 8], "uv_size": [3.75, -1]}
							}
						},
						{
							"origin": [-3.19313, 3.61606, -0.5206],
							"size": [3.74287, 0.69742, 1.11587],
							"pivot": [0.02865, 2.96651, 0.03734],
							"rotation": [-45, 0, 0],
							"uv": {
								"north": {"uv": [8, 11], "uv_size": [3.75, 0.75]},
								"east": {"uv": [12, 12], "uv_size": [1, 0.75]},
								"south": {"uv": [0, 12], "uv_size": [3.75, 0.75]},
								"west": {"uv": [0, 13], "uv_size": [1, 0.75]},
								"up": {"uv": [0, 8], "uv_size": [3.75, 1]},
								"down": {"uv": [8, 1], "uv_size": [3.75, -1]}
							}
						},
						{
							"origin": [-3.19313, 3.61606, -0.5206],
							"size": [3.74287, 0.69742, 1.11587],
							"pivot": [0.02865, 2.96651, 0.03734],
							"rotation": [45, 0, 0],
							"uv": {
								"north": {"uv": [12, 0], "uv_size": [3.75, 0.75]},
								"east": {"uv": [1, 13], "uv_size": [1, 0.75]},
								"south": {"uv": [12, 1], "uv_size": [3.75, 0.75]},
								"west": {"uv": [2, 13], "uv_size": [1, 0.75]},
								"up": {"uv": [8, 1], "uv_size": [3.75, 1]},
								"down": {"uv": [8, 3], "uv_size": [3.75, -1]}
							}
						},
						{
							"origin": [-3.19313, 1.61954, -0.5206],
							"size": [3.74287, 0.69742, 1.11587],
							"pivot": [0.02865, 2.96651, 0.03734],
							"rotation": [-45, 0, 0],
							"uv": {
								"north": {"uv": [12, 2], "uv_size": [3.75, 0.75]},
								"east": {"uv": [3, 13], "uv_size": [1, 0.75]},
								"south": {"uv": [12, 3], "uv_size": [3.75, 0.75]},
								"west": {"uv": [4, 13], "uv_size": [1, 0.75]},
								"up": {"uv": [8, 3], "uv_size": [3.75, 1]},
								"down": {"uv": [4, 9], "uv_size": [3.75, -1]}
							}
						},
						{
							"origin": [-3.09434, 2.10523, -0.67016],
							"size": [3.59994, 1.67036, 1.67036],
							"inflate": 0.002,
							"uv": {
								"north": {"uv": [0, 0], "uv_size": [3.5, 1.75]},
								"east": {"uv": [8, 8], "uv_size": [1.75, 1.75]},
								"south": {"uv": [0, 2], "uv_size": [3.5, 1.75]},
								"west": {"uv": [0, 9], "uv_size": [1.75, 1.75]},
								"up": {"uv": [0, 4], "uv_size": [3.5, 1.75]},
								"down": {"uv": [4, 1.75], "uv_size": [3.5, -1.75]}
							}
						},
						{
							"origin": [-3.19313, 1.61954, -0.5206],
							"size": [3.74287, 0.69742, 1.11587],
							"pivot": [0.02865, 2.96651, 0.03734],
							"rotation": [45, 0, 0],
							"uv": {
								"north": {"uv": [4, 12], "uv_size": [3.75, 0.75]},
								"east": {"uv": [5, 13], "uv_size": [1, 0.75]},
								"south": {"uv": [12, 4], "uv_size": [3.75, 0.75]},
								"west": {"uv": [6, 13], "uv_size": [1, 0.75]},
								"up": {"uv": [8, 4], "uv_size": [3.75, 1]},
								"down": {"uv": [8, 6], "uv_size": [3.75, -1]}
							}
						}
					]
				}
			]
		}
	]
}