{
	"format_version": "1.12.0",
	"minecraft:geometry": [
		{
			"description": {
				"identifier": "geometry.unknown",
				"texture_width": 32,
				"texture_height": 32,
				"visible_bounds_width": 307,
				"visible_bounds_height": 307,
				"visible_bounds_offset": [0, 0.5, 0]
			},
			"bones": [
				{
					"name": "bb_main",
					"pivot": [0, 0, 0]
				},
				{
					"name": "bone",
					"pivot": [0.7, -28.5, 0],
					"rotation": [-158.21213, -87.30754, -111.80969]
				},
				{
					"name": "0",
					"parent": "bone",
					"pivot": [0.7, -26.3, 0]
				},
				{
					"name": "body",
					"parent": "0",
					"pivot": [0.7, -28, 0],
					"cubes": [
						{
							"origin": [-0.1, -28.5, 0.2],
							"size": [1.6, 1.5, 1.4],
							"uv": {
								"north": {"uv": [21, 1], "uv_size": [1.625, 1.5]},
								"east": {"uv": [21, 5], "uv_size": [1.375, 1.5]},
								"south": {"uv": [21, 1], "uv_size": [1.625, 1.5]},
								"west": {"uv": [21, 5], "uv_size": [1.375, 1.5]},
								"up": {"uv": [3, 21], "uv_size": [1.625, 1.375]},
								"down": {"uv": [4.625, 22.375], "uv_size": [-1.625, -1.375]}
							}
						},
						{
							"origin": [2, -29.6, -0.1],
							"size": [0.1, 1.6, 1.7],
							"uv": {
								"north": {"uv": [28, 10], "uv_size": [0.125, 1.625]},
								"east": {"uv": [16, 3], "uv_size": [1.75, 1.625]},
								"south": {"uv": [28, 10], "uv_size": [0.125, 1.625]},
								"west": {"uv": [16, 3], "uv_size": [1.75, 1.625]},
								"up": {"uv": [10.125, 29.75], "uv_size": [-0.125, -1.75]},
								"down": {"uv": [10.125, 29.75], "uv_size": [-0.125, -1.75]}
							}
						},
						{
							"origin": [-0.7, -29.6, -0.1],
							"size": [0.1, 1.6, 1.7],
							"uv": {
								"north": {"uv": [28, 10], "uv_size": [0.125, 1.625]},
								"east": {"uv": [16, 3], "uv_size": [1.75, 1.625]},
								"south": {"uv": [28, 10], "uv_size": [0.125, 1.625]},
								"west": {"uv": [16, 3], "uv_size": [1.75, 1.625]},
								"up": {"uv": [10.125, 29.75], "uv_size": [-0.125, -1.75]},
								"down": {"uv": [10.125, 29.75], "uv_size": [-0.125, -1.75]}
							}
						}
					]
				},
				{
					"name": "izolenta",
					"parent": "body",
					"pivot": [0.5, -28.74687, 1.6],
					"cubes": [
						{
							"origin": [1.9, -28.04687, -0.1],
							"size": [0.1, 1.3, 1.7],
							"pivot": [2, -27.84687, 0.9],
							"rotation": [0, 0, -24],
							"uv": {
								"north": {"uv": [11, 28], "uv_size": [0.125, 1.25]},
								"east": {"uv": [21, 3], "uv_size": [1.75, 1.25]},
								"south": {"uv": [11, 28], "uv_size": [0.125, 1.25]},
								"west": {"uv": [21, 3], "uv_size": [1.75, 1.25]},
								"up": {"uv": [10, 28], "uv_size": [0.125, 1.75]},
								"down": {"uv": [10.125, 29.75], "uv_size": [-0.125, -1.75]}
							}
						},
						{
							"origin": [-0.6, -28.04687, -0.1],
							"size": [0.1, 1.3, 1.7],
							"pivot": [-0.5, -27.84687, 0.9],
							"rotation": [0, 0, 24],
							"uv": {
								"north": {"uv": [11, 28], "uv_size": [0.125, 1.25]},
								"east": {"uv": [21, 3], "uv_size": [1.75, 1.25]},
								"south": {"uv": [11, 28], "uv_size": [0.125, 1.25]},
								"west": {"uv": [21, 3], "uv_size": [1.75, 1.25]},
								"up": {"uv": [10.125, 29.75], "uv_size": [-0.125, -1.75]},
								"down": {"uv": [10.125, 29.75], "uv_size": [-0.125, -1.75]}
							}
						},
						{
							"origin": [0.22767, -30.79541, -0.1],
							"size": [0.1, 1.6, 1.7],
							"pivot": [0.1, -30.14687, 0.9],
							"rotation": [0, 0, -59.5],
							"uv": {
								"north": {"uv": [28, 10], "uv_size": [0.125, 1.625]},
								"east": {"uv": [16, 3], "uv_size": [1.75, 1.625]},
								"south": {"uv": [28, 10], "uv_size": [0.125, 1.625]},
								"west": {"uv": [16, 3], "uv_size": [1.75, 1.625]},
								"up": {"uv": [10.125, 29.75], "uv_size": [-0.125, -1.75]},
								"down": {"uv": [10.125, 29.75], "uv_size": [-0.125, -1.75]}
							}
						},
						{
							"origin": [1.22767, -30.49541, -0.1],
							"size": [0.1, 1.6, 1.7],
							"pivot": [1.1, -29.84687, 0.9],
							"rotation": [0, 0, 59.5],
							"uv": {
								"north": {"uv": [28, 10], "uv_size": [0.125, 1.625]},
								"east": {"uv": [16, 3], "uv_size": [1.75, 1.625]},
								"south": {"uv": [28, 10], "uv_size": [0.125, 1.625]},
								"west": {"uv": [16, 3], "uv_size": [1.75, 1.625]},
								"up": {"uv": [10.125, 29.75], "uv_size": [-0.125, -1.75]},
								"down": {"uv": [10.125, 29.75], "uv_size": [-0.125, -1.75]}
							}
						}
					]
				},
				{
					"name": "rocket_head2",
					"parent": "body",
					"pivot": [0.7, -28.74687, 0.4]
				},
				{
					"name": "rocket_head",
					"parent": "rocket_head2",
					"pivot": [0.7, -28.74687, 0.4]
				},
				{
					"name": "bone2",
					"parent": "rocket_head",
					"pivot": [0.7, -28.74687, -4.6],
					"cubes": [
						{
							"origin": [-0.675, -30.24687, 6.25048],
							"size": [0.75, 2.375, 1.29904],
							"pivot": [0.7, -27.74687, 6.9],
							"rotation": [-90, 0, -90],
							"uv": {
								"north": {"uv": [17, 0], "uv_size": [0.75, 2.375]},
								"east": {"uv": [3, 14], "uv_size": [1.25, 2.375]},
								"south": {"uv": [15, 20], "uv_size": [0.75, 2.375]},
								"west": {"uv": [14, 4], "uv_size": [1.25, 2.375]},
								"up": {"uv": [17, 25], "uv_size": [0.75, 1.25]},
								"down": {"uv": [18, 26.25], "uv_size": [0.75, -1.25]}
							}
						},
						{
							"origin": [-0.175, -30.24687, 5.38446],
							"size": [0.75, 2.375, 1.29904],
							"pivot": [0.7, -27.74687, 6.9],
							"rotation": [-90, 0, -150],
							"uv": {
								"north": {"uv": [21, 7], "uv_size": [0.75, 2.375]},
								"east": {"uv": [14, 7], "uv_size": [1.25, 2.375]},
								"south": {"uv": [21, 10], "uv_size": [0.75, 2.375]},
								"west": {"uv": [14, 10], "uv_size": [1.25, 2.375]},
								"up": {"uv": [25, 18], "uv_size": [0.75, 1.25]},
								"down": {"uv": [25, 21.25], "uv_size": [0.75, -1.25]}
							}
						},
						{
							"origin": [0.825, -30.24687, 5.38446],
							"size": [0.75, 2.375, 1.29904],
							"pivot": [0.7, -27.74687, 6.9],
							"rotation": [-90, 0, 150],
							"uv": {
								"north": {"uv": [21, 13], "uv_size": [0.75, 2.375]},
								"east": {"uv": [14, 13], "uv_size": [1.25, 2.375]},
								"south": {"uv": [16, 21], "uv_size": [0.75, 2.375]},
								"west": {"uv": [15, 0], "uv_size": [1.25, 2.375]},
								"up": {"uv": [25, 22], "uv_size": [0.75, 1.25]},
								"down": {"uv": [23, 26.25], "uv_size": [0.75, -1.25]}
							}
						},
						{
							"origin": [0.48125, -29.24687, -4.97889],
							"size": [0.4375, 2, 0.75777],
							"pivot": [0.7, -28.74687, -4.6],
							"rotation": [90, 0, -30],
							"uv": {
								"north": {"uv": [25, 8], "uv_size": [0.5, 2]},
								"east": {"uv": [17, 21], "uv_size": [0.75, 2]},
								"south": {"uv": [25, 10], "uv_size": [0.5, 2]},
								"west": {"uv": [18, 21], "uv_size": [0.75, 2]},
								"up": {"uv": [0, 28], "uv_size": [0.5, 0.75]},
								"down": {"uv": [28, 0.75], "uv_size": [0.5, -0.75]}
							}
						},
						{
							"origin": [-0.05, -28.49687, -0.39954],
							"size": [1.50087, 1, 2.59858],
							"pivot": [0.7, -28.74687, 0.9],
							"rotation": [90, 0, -90],
							"uv": {
								"north": {"uv": [19, 21], "uv_size": [1.5, 1]},
								"east": {"uv": [20, 16], "uv_size": [2.625, 1]},
								"south": {"uv": [21, 20], "uv_size": [1.5, 1]},
								"west": {"uv": [20, 17], "uv_size": [2.625, 1]},
								"up": {"uv": [0, 0], "uv_size": [1.5, 2.625]},
								"down": {"uv": [2, 2.625], "uv_size": [1.5, -2.625]}
							}
						},
						{
							"origin": [-0.05, -28.49687, -0.39904],
							"size": [1.5, 1, 2.59808],
							"pivot": [0.7, -28.74687, 0.9],
							"rotation": [90, 0, 150],
							"uv": {
								"north": {"uv": [21, 21], "uv_size": [1.5, 1]},
								"east": {"uv": [18, 20], "uv_size": [2.625, 1]},
								"south": {"uv": [0, 22], "uv_size": [1.5, 1]},
								"west": {"uv": [20, 18], "uv_size": [2.625, 1]},
								"up": {"uv": [0, 3], "uv_size": [1.5, 2.625]},
								"down": {"uv": [2, 5.625], "uv_size": [1.5, -2.625]}
							}
						},
						{
							"origin": [0.48125, -29.24687, -4.97889],
							"size": [0.4375, 2, 0.75777],
							"pivot": [0.7, -28.74687, -4.6],
							"rotation": [90, 0, -90],
							"uv": {
								"north": {"uv": [25, 12], "uv_size": [0.5, 2]},
								"east": {"uv": [2, 22], "uv_size": [0.75, 2]},
								"south": {"uv": [25, 14], "uv_size": [0.5, 2]},
								"west": {"uv": [5, 22], "uv_size": [0.75, 2]},
								"up": {"uv": [1, 28], "uv_size": [0.5, 0.75]},
								"down": {"uv": [28, 1.75], "uv_size": [0.5, -0.75]}
							}
						},
						{
							"origin": [0.48125, -29.24687, -4.97889],
							"size": [0.4375, 2, 0.75777],
							"pivot": [0.7, -28.74687, -4.6],
							"rotation": [90, 0, -150],
							"uv": {
								"north": {"uv": [15, 25], "uv_size": [0.5, 2]},
								"east": {"uv": [22, 7], "uv_size": [0.75, 2]},
								"south": {"uv": [25, 16], "uv_size": [0.5, 2]},
								"west": {"uv": [22, 9], "uv_size": [0.75, 2]},
								"up": {"uv": [2, 28], "uv_size": [0.5, 0.75]},
								"down": {"uv": [28, 2.75], "uv_size": [0.5, -0.75]}
							}
						},
						{
							"origin": [0.85637, -28.93437, 4.99114],
							"size": [0.809, 0.375, 1.7605],
							"pivot": [0.7, -28.74687, 5.63907],
							"rotation": [0, 22.5, 0],
							"uv": {
								"north": {"uv": [3, 28], "uv_size": [0.75, 0.375]},
								"east": {"uv": [26, 2], "uv_size": [1.75, 0.375]},
								"south": {"uv": [28, 3], "uv_size": [0.75, 0.375]},
								"west": {"uv": [26, 3], "uv_size": [1.75, 0.375]},
								"up": {"uv": [21, 24], "uv_size": [0.75, 1.75]},
								"down": {"uv": [22, 25.75], "uv_size": [0.75, -1.75]}
							}
						},
						{
							"origin": [-0.26537, -28.93437, 4.99114],
							"size": [0.809, 0.375, 1.7605],
							"pivot": [0.7, -28.74687, 5.63907],
							"rotation": [0, -22.5, 0],
							"uv": {
								"north": {"uv": [4, 28], "uv_size": [0.75, 0.375]},
								"east": {"uv": [26, 4], "uv_size": [1.75, 0.375]},
								"south": {"uv": [28, 4], "uv_size": [0.75, 0.375]},
								"west": {"uv": [5, 26], "uv_size": [1.75, 0.375]},
								"up": {"uv": [24, 22], "uv_size": [0.75, 1.75]},
								"down": {"uv": [24, 25.75], "uv_size": [0.75, -1.75]}
							}
						},
						{
							"origin": [-0.26537, -28.93437, 4.99114],
							"size": [0.809, 0.375, 1.7605],
							"pivot": [0.7, -28.74687, 5.63907],
							"rotation": [0, -22.5, -60],
							"uv": {
								"north": {"uv": [5, 28], "uv_size": [0.75, 0.375]},
								"east": {"uv": [26, 5], "uv_size": [1.75, 0.375]},
								"south": {"uv": [28, 5], "uv_size": [0.75, 0.375]},
								"west": {"uv": [26, 6], "uv_size": [1.75, 0.375]},
								"up": {"uv": [0, 25], "uv_size": [0.75, 1.75]},
								"down": {"uv": [25, 1.75], "uv_size": [0.75, -1.75]}
							}
						},
						{
							"origin": [0.85637, -28.93437, 4.99114],
							"size": [0.809, 0.375, 1.7605],
							"pivot": [0.7, -28.74687, 5.63907],
							"rotation": [0, 22.5, -60],
							"uv": {
								"north": {"uv": [6, 28], "uv_size": [0.75, 0.375]},
								"east": {"uv": [7, 26], "uv_size": [1.75, 0.375]},
								"south": {"uv": [28, 6], "uv_size": [0.75, 0.375]},
								"west": {"uv": [26, 7], "uv_size": [1.75, 0.375]},
								"up": {"uv": [1, 25], "uv_size": [0.75, 1.75]},
								"down": {"uv": [25, 3.75], "uv_size": [0.75, -1.75]}
							}
						},
						{
							"origin": [-0.26537, -28.93437, 4.99114],
							"size": [0.809, 0.375, 1.7605],
							"pivot": [0.7, -28.74687, 5.63907],
							"rotation": [0, -22.5, -120],
							"uv": {
								"north": {"uv": [7, 28], "uv_size": [0.75, 0.375]},
								"east": {"uv": [26, 8], "uv_size": [1.75, 0.375]},
								"south": {"uv": [28, 7], "uv_size": [0.75, 0.375]},
								"west": {"uv": [9, 26], "uv_size": [1.75, 0.375]},
								"up": {"uv": [3, 25], "uv_size": [0.75, 1.75]},
								"down": {"uv": [4, 26.75], "uv_size": [0.75, -1.75]}
							}
						},
						{
							"origin": [0.85637, -28.93437, 4.99114],
							"size": [0.809, 0.375, 1.7605],
							"pivot": [0.7, -28.74687, 5.63907],
							"rotation": [0, 22.5, -120],
							"uv": {
								"north": {"uv": [8, 28], "uv_size": [0.75, 0.375]},
								"east": {"uv": [26, 9], "uv_size": [1.75, 0.375]},
								"south": {"uv": [28, 8], "uv_size": [0.75, 0.375]},
								"west": {"uv": [26, 10], "uv_size": [1.75, 0.375]},
								"up": {"uv": [25, 4], "uv_size": [0.75, 1.75]},
								"down": {"uv": [25, 7.75], "uv_size": [0.75, -1.75]}
							}
						},
						{
							"origin": [-0.05, -28.49687, -0.39904],
							"size": [1.5, 1, 2.59808],
							"pivot": [0.7, -28.74687, 0.9],
							"rotation": [90, 0, 30],
							"uv": {
								"north": {"uv": [22, 11], "uv_size": [1.5, 1]},
								"east": {"uv": [20, 19], "uv_size": [2.625, 1]},
								"south": {"uv": [22, 12], "uv_size": [1.5, 1]},
								"west": {"uv": [21, 0], "uv_size": [2.625, 1]},
								"up": {"uv": [4, 0], "uv_size": [1.5, 2.625]},
								"down": {"uv": [4, 5.625], "uv_size": [1.5, -2.625]}
							}
						},
						{
							"origin": [0.45, -28.99687, -6.6],
							"size": [0.5, 0.5, 1.5],
							"pivot": [0.7, -28.74687, -5.85],
							"rotation": [0, 0, 45],
							"uv": {
								"north": {"uv": [9, 28], "uv_size": [0.5, 0.5]},
								"east": {"uv": [25, 24], "uv_size": [1.5, 0.5]},
								"south": {"uv": [28, 9], "uv_size": [0.5, 0.5]},
								"west": {"uv": [25, 25], "uv_size": [1.5, 0.5]},
								"up": {"uv": [26, 0], "uv_size": [0.5, 1.5]},
								"down": {"uv": [2, 27.5], "uv_size": [0.5, -1.5]}
							}
						}
					]
				},
				{
					"name": "bone53",
					"parent": "bone2",
					"pivot": [0.7, -28.14687, 1.2]
				},
				{
					"name": "bone3",
					"parent": "rocket_head",
					"pivot": [0.7, -28.74687, 0.9],
					"rotation": [-90, 0, 30]
				},
				{
					"name": "bone4",
					"parent": "bone3",
					"pivot": [0.7, -28.74687, 4.9]
				},
				{
					"name": "bone5",
					"parent": "bone4",
					"pivot": [0.7, -28.74687, 3.60673],
					"rotation": [-9.42942, 0, 0]
				},
				{
					"name": "bone6",
					"parent": "bone5",
					"pivot": [0.7, -28.8175, 3.60673],
					"rotation": [0, 0, -5.40346],
					"cubes": [
						{
							"origin": [0.61506, -29.71545, -0.29826],
							"size": [0.75, 4, 0.75],
							"uv": {
								"north": {"uv": [3, 6], "uv_size": [0.75, 4]},
								"east": {"uv": [4, 6], "uv_size": [0.75, 4]},
								"south": {"uv": [6, 4], "uv_size": [0.75, 4]},
								"west": {"uv": [5, 6], "uv_size": [0.75, 4]},
								"up": {"uv": [11, 26], "uv_size": [0.75, 0.75]},
								"down": {"uv": [26, 11.75], "uv_size": [0.75, -0.75]}
							}
						}
					]
				},
				{
					"name": "bone7",
					"parent": "bone5",
					"pivot": [0.7, -28.8175, 3.60673],
					"rotation": [0, 0, 5.40346],
					"cubes": [
						{
							"origin": [0.03494, -29.71545, -0.29826],
							"size": [0.75, 4, 0.75],
							"inflate": 0.002,
							"uv": {
								"north": {"uv": [7, 0], "uv_size": [0.75, 4]},
								"east": {"uv": [7, 4], "uv_size": [0.75, 4]},
								"south": {"uv": [8, 0], "uv_size": [0.75, 4]},
								"west": {"uv": [8, 4], "uv_size": [0.75, 4]},
								"up": {"uv": [12, 26], "uv_size": [0.75, 0.75]},
								"down": {"uv": [26, 12.75], "uv_size": [0.75, -0.75]}
							}
						}
					]
				},
				{
					"name": "bone8",
					"parent": "bone3",
					"pivot": [0.7, -28.74687, 4.9],
					"rotation": [0, -60, 0]
				},
				{
					"name": "bone9",
					"parent": "bone8",
					"pivot": [0.7, -28.74687, 3.60673],
					"rotation": [-9.42942, 0, 0]
				},
				{
					"name": "bone10",
					"parent": "bone9",
					"pivot": [0.7, -28.8175, 3.60673],
					"rotation": [0, 0, -5.40346],
					"cubes": [
						{
							"origin": [-2.80279, -29.06303, 1.67472],
							"size": [0.75, 4, 0.75],
							"inflate": 0.001,
							"uv": {
								"north": {"uv": [6, 8], "uv_size": [0.75, 4]},
								"east": {"uv": [7, 8], "uv_size": [0.75, 4]},
								"south": {"uv": [8, 8], "uv_size": [0.75, 4]},
								"west": {"uv": [9, 0], "uv_size": [0.75, 4]},
								"up": {"uv": [13, 26], "uv_size": [0.75, 0.75]},
								"down": {"uv": [26, 13.75], "uv_size": [0.75, -0.75]}
							}
						}
					]
				},
				{
					"name": "bone11",
					"parent": "bone9",
					"pivot": [0.7, -28.8175, 3.60673],
					"rotation": [0, 0, 5.40346],
					"cubes": [
						{
							"origin": [-3.44463, -29.71545, 1.67472],
							"size": [0.75, 4, 0.75],
							"uv": {
								"north": {"uv": [9, 4], "uv_size": [0.75, 4]},
								"east": {"uv": [9, 8], "uv_size": [0.75, 4]},
								"south": {"uv": [0, 10], "uv_size": [0.75, 4]},
								"west": {"uv": [10, 0], "uv_size": [0.75, 4]},
								"up": {"uv": [14, 26], "uv_size": [0.75, 0.75]},
								"down": {"uv": [26, 14.75], "uv_size": [0.75, -0.75]}
							}
						}
					]
				},
				{
					"name": "bone12",
					"parent": "bone3",
					"pivot": [0.7, -28.74687, 4.9],
					"rotation": [0, -120, 0]
				},
				{
					"name": "bone13",
					"parent": "bone12",
					"pivot": [0.7, -28.74687, 3.60673],
					"rotation": [-9.42942, 0, 0]
				},
				{
					"name": "bone14",
					"parent": "bone13",
					"pivot": [0.7, -28.8175, 3.60673],
					"rotation": [0, 0, -5.40346],
					"cubes": [
						{
							"origin": [-2.74108, -28.41061, 5.62067],
							"size": [0.75, 4, 0.75],
							"inflate": 0.002,
							"uv": {
								"north": {"uv": [1, 10], "uv_size": [0.75, 4]},
								"east": {"uv": [2, 10], "uv_size": [0.75, 4]},
								"south": {"uv": [3, 10], "uv_size": [0.75, 4]},
								"west": {"uv": [4, 10], "uv_size": [0.75, 4]},
								"up": {"uv": [26, 15], "uv_size": [0.75, 0.75]},
								"down": {"uv": [16, 26.75], "uv_size": [0.75, -0.75]}
							}
						}
					]
				},
				{
					"name": "bone15",
					"parent": "bone13",
					"pivot": [0.7, -28.8175, 3.60673],
					"rotation": [0, 0, 5.40346],
					"cubes": [
						{
							"origin": [-3.50634, -29.06303, 5.62067],
							"size": [0.75, 4, 0.75],
							"uv": {
								"north": {"uv": [10, 4], "uv_size": [0.75, 4]},
								"east": {"uv": [5, 10], "uv_size": [0.75, 4]},
								"south": {"uv": [10, 8], "uv_size": [0.75, 4]},
								"west": {"uv": [11, 0], "uv_size": [0.75, 4]},
								"up": {"uv": [26, 16], "uv_size": [0.75, 0.75]},
								"down": {"uv": [26, 17.75], "uv_size": [0.75, -0.75]}
							}
						}
					]
				},
				{
					"name": "bone16",
					"parent": "bone3",
					"pivot": [0.7, -28.74687, 4.9],
					"rotation": [0, -180, 0]
				},
				{
					"name": "bone17",
					"parent": "bone16",
					"pivot": [0.7, -28.74687, 3.60673],
					"rotation": [-9.42942, 0, 0]
				},
				{
					"name": "bone18",
					"parent": "bone17",
					"pivot": [0.7, -28.8175, 3.60673],
					"rotation": [0, 0, -5.40346],
					"cubes": [
						{
							"origin": [0.73849, -28.41061, 7.59365],
							"size": [0.75, 4, 0.75],
							"uv": {
								"north": {"uv": [11, 4], "uv_size": [0.75, 4]},
								"east": {"uv": [11, 8], "uv_size": [0.75, 4]},
								"south": {"uv": [12, 0], "uv_size": [0.75, 4]},
								"west": {"uv": [12, 4], "uv_size": [0.75, 4]},
								"up": {"uv": [26, 18], "uv_size": [0.75, 0.75]},
								"down": {"uv": [19, 26.75], "uv_size": [0.75, -0.75]}
							}
						}
					]
				},
				{
					"name": "bone19",
					"parent": "bone17",
					"pivot": [0.7, -28.8175, 3.60673],
					"rotation": [0, 0, 5.40346],
					"cubes": [
						{
							"origin": [-0.08849, -28.41061, 7.59365],
							"size": [0.75, 4, 0.75],
							"inflate": 0.002,
							"uv": {
								"north": {"uv": [6, 12], "uv_size": [0.75, 4]},
								"east": {"uv": [7, 12], "uv_size": [0.75, 4]},
								"south": {"uv": [8, 12], "uv_size": [0.75, 4]},
								"west": {"uv": [12, 8], "uv_size": [0.75, 4]},
								"up": {"uv": [26, 19], "uv_size": [0.75, 0.75]},
								"down": {"uv": [20, 26.75], "uv_size": [0.75, -0.75]}
							}
						}
					]
				},
				{
					"name": "bone20",
					"parent": "bone3",
					"pivot": [0.7, -28.74687, 4.9],
					"rotation": [0, -240, 0]
				},
				{
					"name": "bone21",
					"parent": "bone20",
					"pivot": [0.7, -28.74687, 3.60673],
					"rotation": [-9.42942, 0, 0]
				},
				{
					"name": "bone22",
					"parent": "bone21",
					"pivot": [0.7, -28.8175, 3.60673],
					"rotation": [0, 0, -5.40346],
					"cubes": [
						{
							"origin": [4.15634, -29.06303, 5.62067],
							"size": [0.75, 4, 0.75],
							"uv": {
								"north": {"uv": [9, 12], "uv_size": [0.75, 4]},
								"east": {"uv": [10, 12], "uv_size": [0.75, 4]},
								"south": {"uv": [11, 12], "uv_size": [0.75, 4]},
								"west": {"uv": [12, 12], "uv_size": [0.75, 4]},
								"up": {"uv": [26, 20], "uv_size": [0.75, 0.75]},
								"down": {"uv": [21, 26.75], "uv_size": [0.75, -0.75]}
							}
						}
					]
				},
				{
					"name": "bone23",
					"parent": "bone21",
					"pivot": [0.7, -28.8175, 3.60673],
					"rotation": [0, 0, 5.40346],
					"cubes": [
						{
							"origin": [3.39108, -28.41061, 5.62067],
							"size": [0.75, 4, 0.75],
							"inflate": 0.001,
							"uv": {
								"north": {"uv": [13, 0], "uv_size": [0.75, 4]},
								"east": {"uv": [13, 4], "uv_size": [0.75, 4]},
								"south": {"uv": [13, 8], "uv_size": [0.75, 4]},
								"west": {"uv": [13, 12], "uv_size": [0.75, 4]},
								"up": {"uv": [26, 21], "uv_size": [0.75, 0.75]},
								"down": {"uv": [22, 26.75], "uv_size": [0.75, -0.75]}
							}
						}
					]
				},
				{
					"name": "bone24",
					"parent": "bone3",
					"pivot": [0.7, -28.74687, 4.9],
					"rotation": [0, -300, 0]
				},
				{
					"name": "bone25",
					"parent": "bone24",
					"pivot": [0.7, -28.74687, 3.60673],
					"rotation": [-9.42942, 0, 0]
				},
				{
					"name": "bone26",
					"parent": "bone25",
					"pivot": [0.7, -28.8175, 3.60673],
					"rotation": [0, 0, -5.40346],
					"cubes": [
						{
							"origin": [4.09463, -29.71545, 1.67472],
							"size": [0.75, 4, 0.75],
							"inflate": 0.002,
							"uv": {
								"north": {"uv": [0, 6], "uv_size": [0.75, 4]},
								"east": {"uv": [6, 0], "uv_size": [0.75, 4]},
								"south": {"uv": [1, 6], "uv_size": [0.75, 4]},
								"west": {"uv": [2, 6], "uv_size": [0.75, 4]},
								"up": {"uv": [15, 3], "uv_size": [0.75, 0.75]},
								"down": {"uv": [22, 15.75], "uv_size": [0.75, -0.75]}
							}
						}
					]
				},
				{
					"name": "bone27",
					"parent": "bone25",
					"pivot": [0.7, -28.8175, 3.60673],
					"rotation": [0, 0, 5.40346],
					"cubes": [
						{
							"origin": [3.45279, -29.06303, 1.67472],
							"size": [0.75, 4, 0.75],
							"uv": {
								"north": {"uv": [0, 14], "uv_size": [0.75, 4]},
								"east": {"uv": [14, 0], "uv_size": [0.75, 4]},
								"south": {"uv": [1, 14], "uv_size": [0.75, 4]},
								"west": {"uv": [2, 14], "uv_size": [0.75, 4]},
								"up": {"uv": [26, 22], "uv_size": [0.75, 0.75]},
								"down": {"uv": [26, 23.75], "uv_size": [0.75, -0.75]}
							}
						}
					]
				},
				{
					"name": "bone28",
					"parent": "rocket_head",
					"pivot": [0.7, -28.74687, -0.6],
					"rotation": [90, 0, 30]
				},
				{
					"name": "bone29",
					"parent": "bone28",
					"pivot": [0.7, -28.74687, -0.6]
				},
				{
					"name": "bone30",
					"parent": "bone29",
					"pivot": [0.7, -28.74687, -1.89327],
					"rotation": [-9.42942, 0, 0]
				},
				{
					"name": "bone31",
					"parent": "bone30",
					"pivot": [0.7, -28.8175, -1.89327],
					"rotation": [0, 0, -5.40346],
					"cubes": [
						{
							"origin": [0.63033, -29.30408, -1.77039],
							"size": [0.75, 3.75, 0.75],
							"inflate": 0.002,
							"uv": {
								"north": {"uv": [5, 14], "uv_size": [0.75, 3.75]},
								"east": {"uv": [16, 5], "uv_size": [0.75, 3.75]},
								"south": {"uv": [6, 16], "uv_size": [0.75, 3.75]},
								"west": {"uv": [7, 16], "uv_size": [0.75, 3.75]},
								"up": {"uv": [24, 26], "uv_size": [0.75, 0.75]},
								"down": {"uv": [25, 26.75], "uv_size": [0.75, -0.75]}
							}
						},
						{
							"origin": [0.79062, -25.71437, -1.93068],
							"size": [0.75, 2, 0.75],
							"inflate": -0.16029,
							"uv": {
								"north": {"uv": [22, 13], "uv_size": [0.75, 2]},
								"east": {"uv": [19, 22], "uv_size": [0.75, 2]},
								"south": {"uv": [20, 22], "uv_size": [0.75, 2]},
								"west": {"uv": [21, 22], "uv_size": [0.75, 2]},
								"up": {"uv": [26, 26], "uv_size": [0.75, 0.75]},
								"down": {"uv": [0, 27.75], "uv_size": [0.75, -0.75]}
							}
						}
					]
				},
				{
					"name": "bone32",
					"parent": "bone30",
					"pivot": [0.7, -28.8175, -1.89327],
					"rotation": [0, 0, 5.40346],
					"cubes": [
						{
							"origin": [0.01967, -29.30408, -1.77039],
							"size": [0.75, 3.75, 0.75],
							"uv": {
								"north": {"uv": [8, 16], "uv_size": [0.75, 3.75]},
								"east": {"uv": [9, 16], "uv_size": [0.75, 3.75]},
								"south": {"uv": [16, 9], "uv_size": [0.75, 3.75]},
								"west": {"uv": [10, 16], "uv_size": [0.75, 3.75]},
								"up": {"uv": [27, 0], "uv_size": [0.75, 0.75]},
								"down": {"uv": [1, 27.75], "uv_size": [0.75, -0.75]}
							}
						},
						{
							"origin": [-0.14062, -25.71437, -1.93068],
							"size": [0.75, 2, 0.75],
							"inflate": -0.16029,
							"uv": {
								"north": {"uv": [22, 22], "uv_size": [0.75, 2]},
								"east": {"uv": [0, 23], "uv_size": [0.75, 2]},
								"south": {"uv": [1, 23], "uv_size": [0.75, 2]},
								"west": {"uv": [23, 1], "uv_size": [0.75, 2]},
								"up": {"uv": [27, 1], "uv_size": [0.75, 0.75]},
								"down": {"uv": [3, 27.75], "uv_size": [0.75, -0.75]}
							}
						}
					]
				},
				{
					"name": "bone33",
					"parent": "bone28",
					"pivot": [0.7, -28.74687, -0.6],
					"rotation": [0, -60, 0]
				},
				{
					"name": "bone34",
					"parent": "bone33",
					"pivot": [0.7, -28.74687, -1.89327],
					"rotation": [-9.42942, 0, 0]
				},
				{
					"name": "bone35",
					"parent": "bone34",
					"pivot": [0.7, -28.8175, -1.89327],
					"rotation": [0, 0, -5.40346],
					"cubes": [
						{
							"origin": [0.63033, -29.30408, -1.77039],
							"size": [0.75, 3.75, 0.75],
							"uv": {
								"north": {"uv": [11, 16], "uv_size": [0.75, 3.75]},
								"east": {"uv": [12, 16], "uv_size": [0.75, 3.75]},
								"south": {"uv": [13, 16], "uv_size": [0.75, 3.75]},
								"west": {"uv": [16, 13], "uv_size": [0.75, 3.75]},
								"up": {"uv": [4, 27], "uv_size": [0.75, 0.75]},
								"down": {"uv": [5, 27.75], "uv_size": [0.75, -0.75]}
							}
						},
						{
							"origin": [0.79062, -25.71437, -1.93068],
							"size": [0.75, 2, 0.75],
							"inflate": -0.16029,
							"uv": {
								"north": {"uv": [3, 23], "uv_size": [0.75, 2]},
								"east": {"uv": [23, 3], "uv_size": [0.75, 2]},
								"south": {"uv": [4, 23], "uv_size": [0.75, 2]},
								"west": {"uv": [23, 5], "uv_size": [0.75, 2]},
								"up": {"uv": [6, 27], "uv_size": [0.75, 0.75]},
								"down": {"uv": [7, 27.75], "uv_size": [0.75, -0.75]}
							}
						}
					]
				},
				{
					"name": "bone36",
					"parent": "bone34",
					"pivot": [0.7, -28.8175, -1.89327],
					"rotation": [0, 0, 5.40346],
					"cubes": [
						{
							"origin": [0.01967, -29.30408, -1.77039],
							"size": [0.75, 3.75, 0.75],
							"inflate": 0.002,
							"uv": {
								"north": {"uv": [14, 16], "uv_size": [0.75, 3.75]},
								"east": {"uv": [15, 16], "uv_size": [0.75, 3.75]},
								"south": {"uv": [3, 17], "uv_size": [0.75, 3.75]},
								"west": {"uv": [4, 17], "uv_size": [0.75, 3.75]},
								"up": {"uv": [8, 27], "uv_size": [0.75, 0.75]},
								"down": {"uv": [9, 27.75], "uv_size": [0.75, -0.75]}
							}
						},
						{
							"origin": [-0.14062, -25.71437, -1.93068],
							"size": [0.75, 2, 0.75],
							"inflate": -0.16029,
							"uv": {
								"north": {"uv": [23, 7], "uv_size": [0.75, 2]},
								"east": {"uv": [23, 9], "uv_size": [0.75, 2]},
								"south": {"uv": [23, 13], "uv_size": [0.75, 2]},
								"west": {"uv": [15, 23], "uv_size": [0.75, 2]},
								"up": {"uv": [10, 27], "uv_size": [0.75, 0.75]},
								"down": {"uv": [11, 27.75], "uv_size": [0.75, -0.75]}
							}
						}
					]
				},
				{
					"name": "bone37",
					"parent": "bone28",
					"pivot": [0.7, -28.74687, -0.6],
					"rotation": [0, -120, 0]
				},
				{
					"name": "bone38",
					"parent": "bone37",
					"pivot": [0.7, -28.74687, -1.89327],
					"rotation": [-9.42942, 0, 0]
				},
				{
					"name": "bone39",
					"parent": "bone38",
					"pivot": [0.7, -28.8175, -1.89327],
					"rotation": [0, 0, -5.40346],
					"cubes": [
						{
							"origin": [0.63033, -29.30408, -1.77039],
							"size": [0.75, 3.75, 0.75],
							"uv": {
								"north": {"uv": [17, 5], "uv_size": [0.75, 3.75]},
								"east": {"uv": [17, 9], "uv_size": [0.75, 3.75]},
								"south": {"uv": [17, 13], "uv_size": [0.75, 3.75]},
								"west": {"uv": [16, 17], "uv_size": [0.75, 3.75]},
								"up": {"uv": [27, 11], "uv_size": [0.75, 0.75]},
								"down": {"uv": [12, 27.75], "uv_size": [0.75, -0.75]}
							}
						},
						{
							"origin": [0.79062, -25.71437, -1.93068],
							"size": [0.75, 2, 0.75],
							"inflate": -0.16029,
							"uv": {
								"north": {"uv": [23, 15], "uv_size": [0.75, 2]},
								"east": {"uv": [17, 23], "uv_size": [0.75, 2]},
								"south": {"uv": [23, 17], "uv_size": [0.75, 2]},
								"west": {"uv": [18, 23], "uv_size": [0.75, 2]},
								"up": {"uv": [27, 12], "uv_size": [0.75, 0.75]},
								"down": {"uv": [13, 27.75], "uv_size": [0.75, -0.75]}
							}
						}
					]
				},
				{
					"name": "bone40",
					"parent": "bone38",
					"pivot": [0.7, -28.8175, -1.89327],
					"rotation": [0, 0, 5.40346],
					"cubes": [
						{
							"origin": [0.01967, -29.30408, -1.77039],
							"size": [0.75, 3.75, 0.75],
							"inflate": 0.001,
							"uv": {
								"north": {"uv": [17, 17], "uv_size": [0.75, 3.75]},
								"east": {"uv": [0, 18], "uv_size": [0.75, 3.75]},
								"south": {"uv": [18, 0], "uv_size": [0.75, 3.75]},
								"west": {"uv": [1, 18], "uv_size": [0.75, 3.75]},
								"up": {"uv": [27, 13], "uv_size": [0.75, 0.75]},
								"down": {"uv": [14, 27.75], "uv_size": [0.75, -0.75]}
							}
						},
						{
							"origin": [-0.14062, -25.71437, -1.93068],
							"size": [0.75, 2, 0.75],
							"inflate": -0.159,
							"uv": {
								"north": {"uv": [23, 19], "uv_size": [0.75, 2]},
								"east": {"uv": [23, 21], "uv_size": [0.75, 2]},
								"south": {"uv": [23, 23], "uv_size": [0.75, 2]},
								"west": {"uv": [24, 0], "uv_size": [0.75, 2]},
								"up": {"uv": [27, 14], "uv_size": [0.75, 0.75]},
								"down": {"uv": [15, 27.75], "uv_size": [0.75, -0.75]}
							}
						}
					]
				},
				{
					"name": "bone41",
					"parent": "bone28",
					"pivot": [0.7, -28.74687, -0.6],
					"rotation": [0, -180, 0]
				},
				{
					"name": "bone42",
					"parent": "bone41",
					"pivot": [0.7, -28.74687, -1.89327],
					"rotation": [-9.42942, 0, 0]
				},
				{
					"name": "bone43",
					"parent": "bone42",
					"pivot": [0.7, -28.8175, -1.89327],
					"rotation": [0, 0, -5.40346],
					"cubes": [
						{
							"origin": [0.63033, -29.30408, -1.77039],
							"size": [0.75, 3.75, 0.75],
							"inflate": 0.002,
							"uv": {
								"north": {"uv": [2, 18], "uv_size": [0.75, 3.75]},
								"east": {"uv": [18, 4], "uv_size": [0.75, 3.75]},
								"south": {"uv": [5, 18], "uv_size": [0.75, 3.75]},
								"west": {"uv": [18, 8], "uv_size": [0.75, 3.75]},
								"up": {"uv": [27, 15], "uv_size": [0.75, 0.75]},
								"down": {"uv": [16, 27.75], "uv_size": [0.75, -0.75]}
							}
						},
						{
							"origin": [0.79062, -25.71437, -1.93068],
							"size": [0.75, 2, 0.75],
							"inflate": -0.16029,
							"uv": {
								"north": {"uv": [2, 24], "uv_size": [0.75, 2]},
								"east": {"uv": [24, 2], "uv_size": [0.75, 2]},
								"south": {"uv": [24, 4], "uv_size": [0.75, 2]},
								"west": {"uv": [5, 24], "uv_size": [0.75, 2]},
								"up": {"uv": [27, 16], "uv_size": [0.75, 0.75]},
								"down": {"uv": [17, 27.75], "uv_size": [0.75, -0.75]}
							}
						}
					]
				},
				{
					"name": "bone44",
					"parent": "bone42",
					"pivot": [0.7, -28.8175, -1.89327],
					"rotation": [0, 0, 5.40346],
					"cubes": [
						{
							"origin": [0.01967, -29.30408, -1.77039],
							"size": [0.75, 3.75, 0.75],
							"uv": {
								"north": {"uv": [18, 12], "uv_size": [0.75, 3.75]},
								"east": {"uv": [18, 16], "uv_size": [0.75, 3.75]},
								"south": {"uv": [19, 0], "uv_size": [0.75, 3.75]},
								"west": {"uv": [19, 4], "uv_size": [0.75, 3.75]},
								"up": {"uv": [27, 17], "uv_size": [0.75, 0.75]},
								"down": {"uv": [18, 27.75], "uv_size": [0.75, -0.75]}
							}
						},
						{
							"origin": [-0.14062, -25.71437, -1.93068],
							"size": [0.75, 2, 0.75],
							"inflate": -0.16029,
							"uv": {
								"north": {"uv": [6, 24], "uv_size": [0.75, 2]},
								"east": {"uv": [24, 6], "uv_size": [0.75, 2]},
								"south": {"uv": [7, 24], "uv_size": [0.75, 2]},
								"west": {"uv": [8, 24], "uv_size": [0.75, 2]},
								"up": {"uv": [27, 18], "uv_size": [0.75, 0.75]},
								"down": {"uv": [19, 27.75], "uv_size": [0.75, -0.75]}
							}
						}
					]
				},
				{
					"name": "bone45",
					"parent": "bone28",
					"pivot": [0.7, -28.74687, -0.6],
					"rotation": [0, -240, 0]
				},
				{
					"name": "bone46",
					"parent": "bone45",
					"pivot": [0.7, -28.74687, -1.89327],
					"rotation": [-9.42942, 0, 0]
				},
				{
					"name": "bone47",
					"parent": "bone46",
					"pivot": [0.7, -28.8175, -1.89327],
					"rotation": [0, 0, -5.40346],
					"cubes": [
						{
							"origin": [0.63033, -29.30408, -1.77039],
							"size": [0.75, 3.75, 0.75],
							"uv": {
								"north": {"uv": [19, 8], "uv_size": [0.75, 3.75]},
								"east": {"uv": [19, 12], "uv_size": [0.75, 3.75]},
								"south": {"uv": [19, 16], "uv_size": [0.75, 3.75]},
								"west": {"uv": [20, 0], "uv_size": [0.75, 3.75]},
								"up": {"uv": [27, 19], "uv_size": [0.75, 0.75]},
								"down": {"uv": [20, 27.75], "uv_size": [0.75, -0.75]}
							}
						},
						{
							"origin": [0.79062, -25.71437, -1.93068],
							"size": [0.75, 2, 0.75],
							"inflate": -0.16029,
							"uv": {
								"north": {"uv": [24, 8], "uv_size": [0.75, 2]},
								"east": {"uv": [9, 24], "uv_size": [0.75, 2]},
								"south": {"uv": [10, 24], "uv_size": [0.75, 2]},
								"west": {"uv": [24, 10], "uv_size": [0.75, 2]},
								"up": {"uv": [27, 20], "uv_size": [0.75, 0.75]},
								"down": {"uv": [21, 27.75], "uv_size": [0.75, -0.75]}
							}
						}
					]
				},
				{
					"name": "bone48",
					"parent": "bone46",
					"pivot": [0.7, -28.8175, -1.89327],
					"rotation": [0, 0, 5.40346],
					"cubes": [
						{
							"origin": [0.01967, -29.30408, -1.77039],
							"size": [0.75, 3.75, 0.75],
							"inflate": 0.002,
							"uv": {
								"north": {"uv": [20, 4], "uv_size": [0.75, 3.75]},
								"east": {"uv": [6, 20], "uv_size": [0.75, 3.75]},
								"south": {"uv": [7, 20], "uv_size": [0.75, 3.75]},
								"west": {"uv": [8, 20], "uv_size": [0.75, 3.75]},
								"up": {"uv": [27, 21], "uv_size": [0.75, 0.75]},
								"down": {"uv": [22, 27.75], "uv_size": [0.75, -0.75]}
							}
						},
						{
							"origin": [-0.14062, -25.71437, -1.93068],
							"size": [0.75, 2, 0.75],
							"inflate": -0.16029,
							"uv": {
								"north": {"uv": [11, 24], "uv_size": [0.75, 2]},
								"east": {"uv": [12, 24], "uv_size": [0.75, 2]},
								"south": {"uv": [24, 12], "uv_size": [0.75, 2]},
								"west": {"uv": [13, 24], "uv_size": [0.75, 2]},
								"up": {"uv": [27, 22], "uv_size": [0.75, 0.75]},
								"down": {"uv": [23, 27.75], "uv_size": [0.75, -0.75]}
							}
						}
					]
				},
				{
					"name": "bone49",
					"parent": "bone28",
					"pivot": [0.7, -28.74687, -0.6],
					"rotation": [0, -300, 0]
				},
				{
					"name": "bone50",
					"parent": "bone49",
					"pivot": [0.7, -28.74687, -1.89327],
					"rotation": [-9.42942, 0, 0]
				},
				{
					"name": "bone51",
					"parent": "bone50",
					"pivot": [0.7, -28.8175, -1.89327],
					"rotation": [0, 0, -5.40346],
					"cubes": [
						{
							"origin": [0.63033, -29.30408, -1.77039],
							"size": [0.75, 3.75, 0.75],
							"inflate": 0.001,
							"uv": {
								"north": {"uv": [20, 8], "uv_size": [0.75, 3.75]},
								"east": {"uv": [9, 20], "uv_size": [0.75, 3.75]},
								"south": {"uv": [10, 20], "uv_size": [0.75, 3.75]},
								"west": {"uv": [11, 20], "uv_size": [0.75, 3.75]},
								"up": {"uv": [27, 23], "uv_size": [0.75, 0.75]},
								"down": {"uv": [24, 27.75], "uv_size": [0.75, -0.75]}
							}
						},
						{
							"origin": [0.79062, -25.71437, -1.93068],
							"size": [0.75, 2, 0.75],
							"inflate": -0.158,
							"uv": {
								"north": {"uv": [14, 24], "uv_size": [0.75, 2]},
								"east": {"uv": [24, 14], "uv_size": [0.75, 2]},
								"south": {"uv": [16, 24], "uv_size": [0.75, 2]},
								"west": {"uv": [24, 16], "uv_size": [0.75, 2]},
								"up": {"uv": [27, 24], "uv_size": [0.75, 0.75]},
								"down": {"uv": [25, 27.75], "uv_size": [0.75, -0.75]}
							}
						}
					]
				},
				{
					"name": "bone52",
					"parent": "bone50",
					"pivot": [0.7, -28.8175, -1.89327],
					"rotation": [0, 0, 5.40346],
					"cubes": [
						{
							"origin": [0.01967, -29.30408, -1.77039],
							"size": [0.75, 3.75, 0.75],
							"uv": {
								"north": {"uv": [12, 20], "uv_size": [0.75, 3.75]},
								"east": {"uv": [20, 12], "uv_size": [0.75, 3.75]},
								"south": {"uv": [13, 20], "uv_size": [0.75, 3.75]},
								"west": {"uv": [14, 20], "uv_size": [0.75, 3.75]},
								"up": {"uv": [27, 25], "uv_size": [0.75, 0.75]},
								"down": {"uv": [26, 27.75], "uv_size": [0.75, -0.75]}
							}
						},
						{
							"origin": [-0.14062, -25.71437, -1.93068],
							"size": [0.75, 2, 0.75],
							"inflate": -0.16029,
							"uv": {
								"north": {"uv": [24, 18], "uv_size": [0.75, 2]},
								"east": {"uv": [19, 24], "uv_size": [0.75, 2]},
								"south": {"uv": [20, 24], "uv_size": [0.75, 2]},
								"west": {"uv": [24, 20], "uv_size": [0.75, 2]},
								"up": {"uv": [27, 26], "uv_size": [0.75, 0.75]},
								"down": {"uv": [27, 27.75], "uv_size": [0.75, -0.75]}
							}
						}
					]
				}
			]
		}
	]
}